<?xml version="1.0" encoding="UTF-8"?>
<!--
Licensed to the Apache Software Foundation (ASF) under one or more
contributor license agreements.  See the NOTICE file distributed with
this work for additional information regarding copyright ownership.
The ASF licenses this file to you under the Apache License,
Version 2.0 (the "License"); you may not use this file except in
compliance with the License.  You may obtain a copy of the License at

    http://www.apache.org/licenses/LICENSE-2.0

Unless required by applicable law or agreed to in writing, software
distributed under the License is distributed on an "AS IS" BASIS,
WITHOUT WARRANTIES OR CONDITIONS OF ANY KIND, either express or implied.
See the License for the specific language governing permissions and
limitations under the License.
-->

<document>
    <properties>
        <title>DOM Interaction</title>
        <description>
            Demonstrates Pivot's support for bi-directional communication between a Pivot
            application and the browser DOM.
        </description>
    </properties>

    <head>
        <script type="text/javascript">
            // This function will be called by Pivot
            function sayHello(helloText) {
                alert(helloText);
            }

            // This function will call into Pivot
            function onHelloButtonClick() {
                var domTestApplet = document.getElementById("domTestApplet");
                domTestApplet.getApplication().sayHello("Hello from JavaScript!");
            }
        </script>
    </head>

    <body>
        <p>
            Demonstrates Pivot's support for bi-directional communication between a Pivot
            application and the browser DOM.
        </p>
        <table>
            <tr>
                <td style="text-align:center;">
                    <application class="org.apache.pivot.demos.dom.DOMInteractionDemo"
                        width="380" height="240">
                        <libraries>
                            <library>core</library>
                            <library>wtk</library>
                            <library>wtk-terra</library>
                            <library>demos</library>
                        </libraries>
                        <attributes>
                            <id>domTestApplet</id>
                        </attributes>
                    </application>
                </td>
            </tr>
            <tr>
                <td style="text-align:center; border:solid 1px #999999">
                    <button style="margin:5px;" onclick="onHelloButtonClick()">Say Hello</button>
                </td>
            </tr>
        </table>
    </body>
</document>
