<?xml version="1.0" encoding="UTF-8"?>
<!--
Licensed to the Apache Software Foundation (ASF) under one or more
contributor license agreements.  See the NOTICE file distributed with
this work for additional information regarding copyright ownership.
The ASF licenses this file to you under the Apache License,
Version 2.0 (the "License"); you may not use this file except in
compliance with the License.  You may obtain a copy of the License at

    http://www.apache.org/licenses/LICENSE-2.0

Unless required by applicable law or agreed to in writing, software
distributed under the License is distributed on an "AS IS" BASIS,
WITHOUT WARRANTIES OR CONDITIONS OF ANY KIND, either express or implied.
See the License for the specific language governing permissions and
limitations under the License.
-->

<document>
    <properties>
        <title>RSS Feed</title>
        <description>
            Demonstrates how to build a simple RSS client in Pivot.
        </description>
    </properties>

    <body>
        <p>
            This application demonstrates how to build a simple RSS client in Pivot. It uses a
            custom list view item renderer to present the news data. Double-clicking an item in
            the list will open the article in a new window.
        </p>
        <application class="org.apache.pivot.wtk.ScriptApplication" width="480" height="360">
            <libraries>
                <library>core</library>
                <library>web</library>
                <library>wtk</library>
                <library>wtk-terra</library>
                <library>demos</library>
            </libraries>
            <startup-properties>
                <src>/org/apache/pivot/demos/rss/rss_feed_demo.bxml</src>
            </startup-properties>
        </application>
    </body>
</document>
