4c5-6ee0dd0747c2, b-4100-8f01-f232f126d205, -47ff-b193-a7fd35a56760, -4c75-962c-8061f0afb944
4c1-ad0e19402df6, 2-4a43-8eb5-a436aae84e07, -42de-91a4-86585512d017, -4740-8341-a3bbbd398f37
3df-4a396d9cbb25, 6-44fb-9e8b-ced838c41470, -4e12-bfc2-87b2439d8a5a, -462f-a429-5b4c5d04f76f
6dc-8ba2d996bd27, b-4ede-81ff-957dc1c22f31, -4caf-be60-9abe14d1a516, -46df-bc04-77ed60b65ff0
da9-d95ae92d7f83, a-47b2-86b3-5e436f7253d2, -4473-bf3e-a9df19572005, -4fc5-80eb-fd111f70fcaf
c1c-7dcc29027de7, 7-4334-bc74-46eee60981df, -42b8-ae6c-7aa5664ddadd, -4815-ba0f-2e1e943c3eea
d88-fbca2e7e93ae, 5-43bb-8a77-a176c134000e, -47a5-941f-d88164e7e272, -48ce-980a-57bc18c8250c
970-fa3b97d0e215, 7-4a40-9c80-7600c2be01e9, -4fb7-b6a3-ce1fd9476913, -401b-9219-172799dce3ea
0da-90174e392d7d, 5-489b-a331-00e3e533966b, -4a5b-912b-e784860613d0, -458b-814b-a7f7082fe085
783-b9f2b8ee0116, 4-4e1d-8a19-68280e5bb7e4, -4405-8aef-7290b1ab1b02, -41fd-90b1-daf949be53e7
